[
	{
		"Name": "Zahir Franklin",
		"Country": "Sri Lanka",
		"City": "Acosse",
		"Phone": "056 1514 0985",
		"ID": "16550717 -2939",
		"CardNumber": "549 -65094 -65775 -054"
	},
	{
		"Name": "Jin Knight",
		"Country": "British Indian Ocean Territory",
		"City": "Laurencekirk",
		"Phone": "(016977) 1140",
		"ID": "16820730 -7789",
		"CardNumber": "5257397460971665"
	},
	{
		"Name": "Victor Woods",
		"Country": "Cyprus",
		"City": "San Francisco",
		"Phone": "0845 46 40",
		"ID": "16660629 -4186",
		"CardNumber": "525236 -4622596660"
	},
	{
		"Name": "Carl Kerr",
		"Country": "Reunion",
		"City": "Charny",
		"Phone": "07624 289620",
		"ID": "16111107 -8794",
		"CardNumber": "513887 -457323 -8963"
	},
	{
		"Name": "Melvin Mcfadden",
		"Country": "San Marino",
		"City": "Saumur",
		"Phone": "07781 019184",
		"ID": "16790208 -1665",
		"CardNumber": "531 -15824 -59618 -831"
	},
	{
		"Name": "Hiram Poole",
		"Country": "Guadeloupe",
		"City": "Augsburg",
		"Phone": "070 8532 2078",
		"ID": "16580515 -2575",
		"CardNumber": "5139831678697435"
	},
	{
		"Name": "Declan Delaney",
		"Country": "Burundi",
		"City": "Merritt",
		"Phone": "056 6035 0975",
		"ID": "16761018 -7952",
		"CardNumber": "5478753500121161"
	},
	{
		"Name": "Wang Mcconnell",
		"Country": "Aruba",
		"City": "Tarnów",
		"Phone": "076 8950 0047",
		"ID": "16771012 -2271",
		"CardNumber": "5224602881947479"
	},
	{
		"Name": "Arden Cortez",
		"Country": "Mozambique",
		"City": "San José de Alajuela",
		"Phone": "076 7353 6221",
		"ID": "16170405 -5340",
		"CardNumber": "5160899651187767"
	},
	{
		"Name": "Cody Chapman",
		"Country": "San Marino",
		"City": "North Bay",
		"Phone": "(027) 9109 0415",
		"ID": "16800512 -0376",
		"CardNumber": "5595584462325484"
	},
	{
		"Name": "Rooney Shepherd",
		"Country": "Bangladesh",
		"City": "Cañas",
		"Phone": "0996 589 7986",
		"ID": "16470629 -9155",
		"CardNumber": "540810 -9481499941"
	},
	{
		"Name": "Kane Blake",
		"Country": "Turkey",
		"City": "Grimma",
		"Phone": "076 2300 2188",
		"ID": "16520418 -1571",
		"CardNumber": "536277 -049929 -1226"
	},
	{
		"Name": "Xanthus Sexton",
		"Country": "Ecuador",
		"City": "Zeebrugge",
		"Phone": "0800 1111",
		"ID": "16060624 -3269",
		"CardNumber": "5192064910502726"
	},
	{
		"Name": "Kenyon Burke",
		"Country": "Togo",
		"City": "Cobourg",
		"Phone": "(0121) 807 5511",
		"ID": "16160508 -7269",
		"CardNumber": "528 -13466 -85293 -546"
	},
	{
		"Name": "Brenden Kerr",
		"Country": "Croatia",
		"City": "Pisa",
		"Phone": "0308 880 5628",
		"ID": "16081002 -4737",
		"CardNumber": "5407 -6178 -6479 -8748"
	},
	{
		"Name": "Rigel Roy",
		"Country": "South Sudan",
		"City": "Pickering",
		"Phone": "055 9343 3713",
		"ID": "16811103 -5948",
		"CardNumber": "5222 -5693 -8409 -9433"
	},
	{
		"Name": "Nolan Hays",
		"Country": "Ecuador",
		"City": "Shillong",
		"Phone": "0800 155315",
		"ID": "16431109 -5758",
		"CardNumber": "5428 -1382 -5124 -3391"
	},
	{
		"Name": "Ulysses Page",
		"Country": "Liechtenstein",
		"City": "FerriŽres",
		"Phone": "070 7412 8201",
		"ID": "16080903 -2576",
		"CardNumber": "553529 -807122 -6131"
	},
	{
		"Name": "Brenden Mccarty",
		"Country": "Uganda",
		"City": "Itanagar",
		"Phone": "07624 621846",
		"ID": "16230226 -6842",
		"CardNumber": "520 -49254 -20042 -302"
	},
	{
		"Name": "Todd Knox",
		"Country": "American Samoa",
		"City": "Jaunpur",
		"Phone": "(0121) 200 6932",
		"ID": "16691111 -3212",
		"CardNumber": "521141 -8628618017"
	},
	{
		"Name": "Ignatius Livingston",
		"Country": "Burundi",
		"City": "Jedburgh",
		"Phone": "(0101) 157 5456",
		"ID": "16090228 -4934",
		"CardNumber": "527134 -000199 -8773"
	},
	{
		"Name": "Lyle Spence",
		"Country": "Cuba",
		"City": "Saint-Malo",
		"Phone": "(019438) 02220",
		"ID": "16290804 -5558",
		"CardNumber": "551 -28726 -05168 -931"
	},
	{
		"Name": "Galvin Goff",
		"Country": "Morocco",
		"City": "Gressan",
		"Phone": "(01874) 74931",
		"ID": "16180325 -4521",
		"CardNumber": "532 -09860 -72687 -793"
	},
	{
		"Name": "Armando Gallagher",
		"Country": "Turkey",
		"City": "Saintes",
		"Phone": "056 9914 8440",
		"ID": "16440929 -1707",
		"CardNumber": "546 -08490 -44160 -358"
	},
	{
		"Name": "Derek Bishop",
		"Country": "Uzbekistan",
		"City": "Spalbeek",
		"Phone": "056 0060 0350",
		"ID": "16820121 -5418",
		"CardNumber": "5293 -3458 -8224 -1882"
	},
	{
		"Name": "Perry Gibson",
		"Country": "Barbados",
		"City": "Baranello",
		"Phone": "(01180) 15079",
		"ID": "16941203 -4820",
		"CardNumber": "5400807618702503"
	},
	{
		"Name": "Walter Espinoza",
		"Country": "Panama",
		"City": "Karnal",
		"Phone": "0500 584678",
		"ID": "16890429 -3043",
		"CardNumber": "543632 -983868 -4864"
	},
	{
		"Name": "Oleg Montoya",
		"Country": "Guam",
		"City": "Villingen-Schwennin",
		"Phone": "(01186) 184778",
		"ID": "16160723 -1667",
		"CardNumber": "5271 -3426 -3834 -2029"
	},
	{
		"Name": "Chancellor Sheppard",
		"Country": "Ireland",
		"City": "Surrey",
		"Phone": "0961 092 6946",
		"ID": "16700427 -7013",
		"CardNumber": "535296 -0613295466"
	},
	{
		"Name": "Nolan Boone",
		"Country": "Nauru",
		"City": "Jupille-sur-Meuse",
		"Phone": "056 3626 5816",
		"ID": "16480307 -5367",
		"CardNumber": "555 -81130 -53722 -191"
	},
	{
		"Name": "Raja Craft",
		"Country": "Tonga",
		"City": "Keiem",
		"Phone": "0800 1111",
		"ID": "16431103 -7214",
		"CardNumber": "554697 -7540399176"
	},
	{
		"Name": "Ahmed Vinson",
		"Country": "Morocco",
		"City": "Châtellerault",
		"Phone": "(016132) 59724",
		"ID": "16571124 -2080",
		"CardNumber": "519 -50808 -08166 -405"
	},
	{
		"Name": "William Myers",
		"Country": "Eritrea",
		"City": "Fortaleza",
		"Phone": "0845 46 40",
		"ID": "16021029 -4252",
		"CardNumber": "5518462200017958"
	},
	{
		"Name": "Erich Good",
		"Country": "Austria",
		"City": "Barrie",
		"Phone": "0329 797 1225",
		"ID": "16521021 -6791",
		"CardNumber": "513 -62850 -08473 -624"
	},
	{
		"Name": "Kermit George",
		"Country": "Andorra",
		"City": "Dortmund",
		"Phone": "070 1519 7237",
		"ID": "16510712 -7317",
		"CardNumber": "512900 -086713 -1356"
	},
	{
		"Name": "Dante Sherman",
		"Country": "Chad",
		"City": "Gießen",
		"Phone": "(025) 4349 1502",
		"ID": "16440127 -8041",
		"CardNumber": "5190448002388510"
	},
	{
		"Name": "Kyle Trujillo",
		"Country": "Israel",
		"City": "Criciúma",
		"Phone": "(0181) 110 2623",
		"ID": "16100917 -5686",
		"CardNumber": "5550 -0373 -0071 -1756"
	},
	{
		"Name": "Forrest Mcintyre",
		"Country": "Ireland",
		"City": "Sunset Point",
		"Phone": "(016977) 0492",
		"ID": "16650116 -8147",
		"CardNumber": "513 -01309 -57886 -739"
	},
	{
		"Name": "Orson Camacho",
		"Country": "Viet Nam",
		"City": "Mielec",
		"Phone": "0800 432 8036",
		"ID": "16200228 -7452",
		"CardNumber": "5410185280791684"
	},
	{
		"Name": "Isaiah Merrill",
		"Country": "Puerto Rico",
		"City": "Couture-Saint-Germain",
		"Phone": "07624 537713",
		"ID": "16590724 -4494",
		"CardNumber": "534072 -745743 -4831"
	},
	{
		"Name": "Reuben Sparks",
		"Country": "Uzbekistan",
		"City": "Hoogstraten",
		"Phone": "(016977) 3910",
		"ID": "16390708 -6593",
		"CardNumber": "559 -26242 -11079 -660"
	},
	{
		"Name": "Stone Harrison",
		"Country": "Serbia",
		"City": "Montigny-lès-Metz",
		"Phone": "070 1228 1159",
		"ID": "16091112 -4808",
		"CardNumber": "5340 -1693 -1275 -0889"
	},
	{
		"Name": "Zachery Wilkins",
		"Country": "Somalia",
		"City": "Lanco",
		"Phone": "0334 433 4823",
		"ID": "16450523 -6267",
		"CardNumber": "5298 -6001 -7986 -7384"
	},
	{
		"Name": "Ross Glass",
		"Country": "Seychelles",
		"City": "Chastre",
		"Phone": "0997 445 2799",
		"ID": "16090508 -5247",
		"CardNumber": "521384 -575998 -2747"
	},
	{
		"Name": "Edward Sandoval",
		"Country": "Bonaire, Sint Eustatius and Saba",
		"City": "NeuprŽ",
		"Phone": "(0117) 271 1747",
		"ID": "16020228 -7736",
		"CardNumber": "5542954333845941"
	},
	{
		"Name": "Martin Miranda",
		"Country": "Faroe Islands",
		"City": "Chiniot",
		"Phone": "(021) 9391 1185",
		"ID": "16520221 -5777",
		"CardNumber": "547 -34995 -40001 -170"
	},
	{
		"Name": "Tarik Burt",
		"Country": "Mexico",
		"City": "Harrisburg",
		"Phone": "0500 679317",
		"ID": "16550329 -4703",
		"CardNumber": "514081 -708585 -9277"
	},
	{
		"Name": "Garrison Rodriguez",
		"Country": "Japan",
		"City": "Berwick",
		"Phone": "(01237) 504271",
		"ID": "16490402 -5956",
		"CardNumber": "510 -94398 -27090 -308"
	},
	{
		"Name": "Lamar Holmes",
		"Country": "Saint Lucia",
		"City": "Curacautín",
		"Phone": "0800 616947",
		"ID": "16290911 -7943",
		"CardNumber": "5582 -3790 -8183 -7828"
	},
	{
		"Name": "Flynn Sherman",
		"Country": "Chile",
		"City": "100 Mile House",
		"Phone": "0906 019 5911",
		"ID": "16210123 -6582",
		"CardNumber": "5522126774656624"
	},
	{
		"Name": "Brock Buchanan",
		"Country": "Tonga",
		"City": "Schore",
		"Phone": "0800 1111",
		"ID": "16600213 -7179",
		"CardNumber": "5527 -4181 -8987 -5591"
	},
	{
		"Name": "Zephania Silva",
		"Country": "United States Minor Outlying Islands",
		"City": "Leiden",
		"Phone": "0380 516 4449",
		"ID": "16490114 -8264",
		"CardNumber": "540 -75392 -45807 -891"
	},
	{
		"Name": "Trevor Hill",
		"Country": "Jamaica",
		"City": "Newton Stewart",
		"Phone": "0800 203677",
		"ID": "16750301 -9171",
		"CardNumber": "5575 -1371 -7358 -1764"
	},
	{
		"Name": "Deacon Cervantes",
		"Country": "Yemen",
		"City": "Toulouse",
		"Phone": "(0181) 266 5605",
		"ID": "16120127 -6076",
		"CardNumber": "549526 -708802 -9794"
	},
	{
		"Name": "Steel Lane",
		"Country": "Cuba",
		"City": "Frauenkirchen",
		"Phone": "07804 621057",
		"ID": "16490815 -2731",
		"CardNumber": "514735 -540483 -2181"
	},
	{
		"Name": "Myles Puckett",
		"Country": "Denmark",
		"City": "Sint-Pieters-Woluwe",
		"Phone": "055 4601 6018",
		"ID": "16031205 -2996",
		"CardNumber": "5206970397956124"
	},
	{
		"Name": "Abel Browning",
		"Country": "Brunei",
		"City": "Köthen",
		"Phone": "0991 717 9486",
		"ID": "16830210 -0238",
		"CardNumber": "533996 -761605 -6785"
	},
	{
		"Name": "Neville Woodard",
		"Country": "Antarctica",
		"City": "Chiusa/Klausen",
		"Phone": "(018830) 90477",
		"ID": "16570314 -2561",
		"CardNumber": "510 -53828 -45924 -658"
	},
	{
		"Name": "Lee Warren",
		"Country": "Saint Helena, Ascension and Tristan da Cunha",
		"City": "Kampenhout",
		"Phone": "055 2190 0429",
		"ID": "16021013 -3252",
		"CardNumber": "550064 -688120 -9450"
	},
	{
		"Name": "Octavius Bolton",
		"Country": "Malawi",
		"City": "Clearwater Municipal District",
		"Phone": "(0151) 310 4726",
		"ID": "16230507 -8301",
		"CardNumber": "555 -85173 -81906 -864"
	},
	{
		"Name": "Hector Contreras",
		"Country": "Sri Lanka",
		"City": "Flawinne",
		"Phone": "0800 1111",
		"ID": "16280901 -0388",
		"CardNumber": "5389 -1441 -6724 -5956"
	},
	{
		"Name": "Dale Harrell",
		"Country": "Myanmar",
		"City": "Penhold",
		"Phone": "(01873) 97836",
		"ID": "16400122 -3256",
		"CardNumber": "552339 -114777 -7254"
	},
	{
		"Name": "Hall Tate",
		"Country": "Cape Verde",
		"City": "Rodì Milici",
		"Phone": "0500 324813",
		"ID": "16061217 -9861",
		"CardNumber": "545 -67760 -61385 -541"
	},
	{
		"Name": "Jelani Lynn",
		"Country": "French Polynesia",
		"City": "Frigento",
		"Phone": "(023) 7945 5189",
		"ID": "16310114 -1038",
		"CardNumber": "528094 -1802877527"
	},
	{
		"Name": "Addison Baldwin",
		"Country": "Montenegro",
		"City": "Laakirchen",
		"Phone": "(0117) 595 7257",
		"ID": "16391211 -3135",
		"CardNumber": "523521 -736179 -8503"
	},
	{
		"Name": "Barrett Ruiz",
		"Country": "Zimbabwe",
		"City": "Waidhofen an der Ybbs",
		"Phone": "0845 46 44",
		"ID": "16110406 -6152",
		"CardNumber": "540 -65288 -81021 -850"
	},
	{
		"Name": "Keegan Lindsay",
		"Country": "Isle of Man",
		"City": "Kaneohe",
		"Phone": "(01094) 17453",
		"ID": "16371209 -3594",
		"CardNumber": "538 -28621 -36863 -826"
	},
	{
		"Name": "Talon Simon",
		"Country": "Martinique",
		"City": "Tiruvottiyur",
		"Phone": "(01232) 45893",
		"ID": "16420112 -4742",
		"CardNumber": "543895 -481870 -7589"
	},
	{
		"Name": "Brendan Spencer",
		"Country": "Paraguay",
		"City": "Acciano",
		"Phone": "(01535) 89823",
		"ID": "16320322 -7271",
		"CardNumber": "5370284735837990"
	},
	{
		"Name": "Declan Logan",
		"Country": "Liberia",
		"City": "Tiarno di Sopra",
		"Phone": "0880 006 6553",
		"ID": "16770624 -5110",
		"CardNumber": "528 -87363 -85156 -022"
	},
	{
		"Name": "Gareth Robinson",
		"Country": "Greece",
		"City": "St. Catharines",
		"Phone": "0845 46 42",
		"ID": "16610812 -7389",
		"CardNumber": "527515 -499815 -8234"
	},
	{
		"Name": "Brock Fletcher",
		"Country": "Seychelles",
		"City": "Rio Grande",
		"Phone": "055 1922 3483",
		"ID": "16581123 -9135",
		"CardNumber": "530 -66183 -96051 -467"
	},
	{
		"Name": "Benjamin Phelps",
		"Country": "Falkland Islands",
		"City": "Saint-Vincent",
		"Phone": "070 5401 6523",
		"ID": "16760323 -6709",
		"CardNumber": "5306 -8479 -3522 -3952"
	},
	{
		"Name": "Kane Nicholson",
		"Country": "Jamaica",
		"City": "Khanpur",
		"Phone": "0871 466 7924",
		"ID": "16051204 -4546",
		"CardNumber": "526969 -9200203333"
	},
	{
		"Name": "Jack Hart",
		"Country": "Pitcairn Islands",
		"City": "Knighton",
		"Phone": "07624 362656",
		"ID": "16050612 -0682",
		"CardNumber": "527076 -830650 -8262"
	},
	{
		"Name": "Jamal Beck",
		"Country": "Liechtenstein",
		"City": "Bouwel",
		"Phone": "0955 458 5251",
		"ID": "16220310 -9489",
		"CardNumber": "514656 -5598689632"
	},
	{
		"Name": "Ishmael Monroe",
		"Country": "Macao",
		"City": "Rocky Mountain House",
		"Phone": "07246 962908",
		"ID": "16680114 -3949",
		"CardNumber": "553738 -2144358945"
	},
	{
		"Name": "Cruz Hensley",
		"Country": "Niue",
		"City": "Barbania",
		"Phone": "0845 46 45",
		"ID": "16240819 -8766",
		"CardNumber": "5468 -9298 -1153 -5859"
	},
	{
		"Name": "Mohammad Mcintosh",
		"Country": "Falkland Islands",
		"City": "Carstairs",
		"Phone": "056 1354 2867",
		"ID": "16781225 -1002",
		"CardNumber": "547665 -8155622920"
	},
	{
		"Name": "Kenneth Marshall",
		"Country": "Venezuela",
		"City": "Argyle",
		"Phone": "070 7855 7889",
		"ID": "16321022 -4196",
		"CardNumber": "5327 -8817 -4383 -8292"
	},
	{
		"Name": "Caesar Johnson",
		"Country": "Martinique",
		"City": "Bhilwara",
		"Phone": "076 9221 5764",
		"ID": "16220928 -1886",
		"CardNumber": "5575 -1720 -2198 -5842"
	},
	{
		"Name": "Ahmed Duran",
		"Country": "Czech Republic",
		"City": "Freiburg",
		"Phone": "055 2320 1410",
		"ID": "16680617 -7397",
		"CardNumber": "5193999481251212"
	},
	{
		"Name": "Lionel Valenzuela",
		"Country": "Belarus",
		"City": "Beveren",
		"Phone": "0500 560157",
		"ID": "16000715 -5294",
		"CardNumber": "558 -12429 -78779 -902"
	},
	{
		"Name": "Sawyer King",
		"Country": "Qatar",
		"City": "Bierk Bierghes",
		"Phone": "(01491) 997041",
		"ID": "16201116 -1466",
		"CardNumber": "5186580421142841"
	},
	{
		"Name": "Craig Fox",
		"Country": "Turks and Caicos Islands",
		"City": "Roccanova",
		"Phone": "(027) 9986 3063",
		"ID": "16111027 -4634",
		"CardNumber": "511332 -3834617366"
	},
	{
		"Name": "Wang Leonard",
		"Country": "Kazakhstan",
		"City": "Knokke-Heist",
		"Phone": "0800 133 1868",
		"ID": "16561212 -7216",
		"CardNumber": "545 -48899 -51464 -839"
	},
	{
		"Name": "Gannon Stewart",
		"Country": "Korea, North",
		"City": "Hassan",
		"Phone": "07624 323398",
		"ID": "16950713 -5599",
		"CardNumber": "5370 -1009 -8334 -3962"
	},
	{
		"Name": "George Robertson",
		"Country": "Gibraltar",
		"City": "Newbury",
		"Phone": "0845 46 48",
		"ID": "16390530 -4055",
		"CardNumber": "5193480071964399"
	},
	{
		"Name": "Silas Stanley",
		"Country": "South Africa",
		"City": "Sint-Katherina-Lombeek",
		"Phone": "(016977) 9912",
		"ID": "16400107 -1093",
		"CardNumber": "5591 -9850 -0437 -1726"
	},
	{
		"Name": "Len Robinson",
		"Country": "South Sudan",
		"City": "Seydişehir",
		"Phone": "0800 903 4179",
		"ID": "16630327 -1925",
		"CardNumber": "5137 -6914 -0846 -3777"
	},
	{
		"Name": "Kane Kim",
		"Country": "Hong Kong",
		"City": "Zamość",
		"Phone": "0839 252 0924",
		"ID": "16620924 -4125",
		"CardNumber": "533464 -526588 -6992"
	},
	{
		"Name": "Keefe Hatfield",
		"Country": "French Polynesia",
		"City": "Cargovil",
		"Phone": "(010657) 85373",
		"ID": "16720926 -4238",
		"CardNumber": "516229 -4135733980"
	},
	{
		"Name": "Aidan Oneal",
		"Country": "Singapore",
		"City": "Racine",
		"Phone": "070 9046 2691",
		"ID": "16871008 -3109",
		"CardNumber": "552496 -8893011233"
	},
	{
		"Name": "Brody Bender",
		"Country": "Cocos (Keeling) Islands",
		"City": "Wisbech",
		"Phone": "070 2689 1061",
		"ID": "16230214 -0617",
		"CardNumber": "512115 -7705501865"
	},
	{
		"Name": "Leroy Howe",
		"Country": "Poland",
		"City": "Bojano",
		"Phone": "0959 907 8907",
		"ID": "16020703 -6930",
		"CardNumber": "535349 -0492288720"
	},
	{
		"Name": "Chadwick Sims",
		"Country": "Niger",
		"City": "Petrópolis",
		"Phone": "(0113) 476 9755",
		"ID": "16390529 -6590",
		"CardNumber": "5536305234318009"
	},
	{
		"Name": "Brett Foster",
		"Country": "Norway",
		"City": "Maracalagonis",
		"Phone": "076 1114 1444",
		"ID": "16670816 -2182",
		"CardNumber": "558653 -3762459916"
	},
	{
		"Name": "Jesse Cochran",
		"Country": "Algeria",
		"City": "Hannche",
		"Phone": "070 9709 4921",
		"ID": "16040129 -2347",
		"CardNumber": "556196 -514755 -7320"
	},
	{
		"Name": "Rajah Walker",
		"Country": "Mauritania",
		"City": "Lakeland County",
		"Phone": "070 5693 5834",
		"ID": "16530611 -7069",
		"CardNumber": "549 -54286 -42229 -375"
	},
	{
		"Name": "Wylie Mitchell",
		"Country": "Singapore",
		"City": "Las Condes",
		"Phone": "(0114) 911 0660",
		"ID": "16100207 -5693",
		"CardNumber": "5430 -7257 -6879 -1304"
	}
]